mysql> ;select *from marks
ERROR:
No query specified

    -> ;
+------+--------+------+------+------+
| Sno  | Name   | M1   | M2   | M3   |
+------+--------+------+------+------+
|    1 | Ram    |   68 |   87 |   94 |
|    2 | Nazman |   58 |   81 |   84 |
|    3 | Benju  |   95 |   91 |   93 |
+------+--------+------+------+------+
3 rows in set (0.01 sec)

mysql> select *from marks
    -> where m2 BETWEEN '80' and '90';
+------+--------+------+------+------+
| Sno  | Name   | M1   | M2   | M3   |
+------+--------+------+------+------+
|    1 | Ram    |   68 |   87 |   94 |
|    2 | Nazman |   58 |   81 |   84 |
+------+--------+------+------+------+
2 rows in set (0.00 sec)

mysql> select *from marks
    -> where sno IN("2","3");
+------+--------+------+------+------+
| Sno  | Name   | M1   | M2   | M3   |
+------+--------+------+------+------+
|    2 | Nazman |   58 |   81 |   84 |
|    3 | Benju  |   95 |   91 |   93 |
+------+--------+------+------+------+
2 rows in set (0.00 sec)